DROP TABLE xnjia_mysalf.cb_sys_user;
CREATE TABLE xnjia_mysalf.cb_sys_user (ROW_ID int NOT NULL AUTO_INCREMENT, SORT_NO int(10) NOT NULL COMMENT '序列号,用于排序', USER_CODE varchar(32) NOT NULL COMMENT '用户编码', USER_PASSWORD varchar(500) NOT NULL COMMENT '用户密码', USER_NAME varchar(32) NOT NULL COMMENT '用户名', COMPANY_ID int(10) NOT NULL COMMENT '公司ID', NOTES varchar(200) COMMENT '备注', CREATE_TIME datetime DEFAULT CURRENT_TIMESTAMP NOT NULL COMMENT '创建时间', PRIMARY KEY (ROW_ID)) ENGINE=InnoDB DEFAULT CHARSET=utf8 COMMENT='用户表';
INSERT INTO xnjia_mysalf.cb_sys_user (ROW_ID, SORT_NO, USER_CODE, USER_PASSWORD, USER_NAME, COMPANY_ID, NOTES, CREATE_TIME) VALUES (1, 1, 'CB', '$2a$10$kLHHGhkzEdQs.T49Ghr4beRHxTEx8LROu7j.l2Wo4hhCvHGGouKAy', '程彬', 2, '后台开发', '2017-08-24 23:28:39');
INSERT INTO xnjia_mysalf.cb_sys_user (ROW_ID, SORT_NO, USER_CODE, USER_PASSWORD, USER_NAME, COMPANY_ID, NOTES, CREATE_TIME) VALUES (2, 2, 'WCH', '9c38275b1a0cd3f8aae1c0a16fe73ba9bccf4dccedf3410a08ec5d4395343cfd77b0970b34bd9024', '王琛', 2, '后台开发', '2017-08-24 23:29:39');
INSERT INTO xnjia_mysalf.cb_sys_user (ROW_ID, SORT_NO, USER_CODE, USER_PASSWORD, USER_NAME, COMPANY_ID, NOTES, CREATE_TIME) VALUES (3, 3, 'THL', '827ccb0eea8a706c4c34a16891f84e7b', '汤宏梁', 2, '后台开发,兼开发组组长', '2017-08-24 23:29:47');
INSERT INTO xnjia_mysalf.cb_sys_user (ROW_ID, SORT_NO, USER_CODE, USER_PASSWORD, USER_NAME, COMPANY_ID, NOTES, CREATE_TIME) VALUES (4, 4, 'ZJ', '827ccb0eea8a706c4c34a16891f84e7b', '张建', 2, '后台开发', '2017-08-24 23:29:51');
INSERT INTO xnjia_mysalf.cb_sys_user (ROW_ID, SORT_NO, USER_CODE, USER_PASSWORD, USER_NAME, COMPANY_ID, NOTES, CREATE_TIME) VALUES (5, 5, 'YY', '81dc9bdb52d04dc20036dbd8313ed055', '杨勇', 2, '后台开发', '2017-08-24 23:30:47');
INSERT INTO xnjia_mysalf.cb_sys_user (ROW_ID, SORT_NO, USER_CODE, USER_PASSWORD, USER_NAME, COMPANY_ID, NOTES, CREATE_TIME) VALUES (6, 6, 'HXJ', '81dc9bdb52d04dc20036dbd8313ed055', '华小俊', 2, '后台开发', '2017-08-24 23:30:52');
INSERT INTO xnjia_mysalf.cb_sys_user (ROW_ID, SORT_NO, USER_CODE, USER_PASSWORD, USER_NAME, COMPANY_ID, NOTES, CREATE_TIME) VALUES (7, 7, 'ZXY', '81dc9bdb52d04dc20036dbd8313ed055', '张晓芸', 2, '前段开发,兼前段开发组组长,需求设计,后台开发', '2017-08-24 23:30:55');
INSERT INTO xnjia_mysalf.cb_sys_user (ROW_ID, SORT_NO, USER_CODE, USER_PASSWORD, USER_NAME, COMPANY_ID, NOTES, CREATE_TIME) VALUES (8, 8, 'CHB', '81dc9bdb52d04dc20036dbd8313ed055', '陈榜', 2, '前段开发', '2017-08-24 23:31:04');
INSERT INTO xnjia_mysalf.cb_sys_user (ROW_ID, SORT_NO, USER_CODE, USER_PASSWORD, USER_NAME, COMPANY_ID, NOTES, CREATE_TIME) VALUES (9, 9, 'LYT', '81dc9bdb52d04dc20036dbd8313ed055', '刘媛婷', 2, 'UI前端设计', '2017-08-24 23:31:34');
INSERT INTO xnjia_mysalf.cb_sys_user (ROW_ID, SORT_NO, USER_CODE, USER_PASSWORD, USER_NAME, COMPANY_ID, NOTES, CREATE_TIME) VALUES (10, 10, 'FCJ', '81dc9bdb52d04dc20036dbd8313ed055', '方超君', 2, '部门总监', '2017-08-24 23:31:37');
INSERT INTO xnjia_mysalf.cb_sys_user (ROW_ID, SORT_NO, USER_CODE, USER_PASSWORD, USER_NAME, COMPANY_ID, NOTES, CREATE_TIME) VALUES (11, 11, 'TW', '81dc9bdb52d04dc20036dbd8313ed055', '田伟', 2, '实施顾问', '2017-08-24 23:53:33');
INSERT INTO xnjia_mysalf.cb_sys_user (ROW_ID, SORT_NO, USER_CODE, USER_PASSWORD, USER_NAME, COMPANY_ID, NOTES, CREATE_TIME) VALUES (12, 12, 'GH', '81dc9bdb52d04dc20036dbd8313ed055', '龚辉', 2, '实施顾问,兼实施组组长', '2017-08-24 23:53:37');
INSERT INTO xnjia_mysalf.cb_sys_user (ROW_ID, SORT_NO, USER_CODE, USER_PASSWORD, USER_NAME, COMPANY_ID, NOTES, CREATE_TIME) VALUES (13, 13, 'HM', '81dc9bdb52d04dc20036dbd8313ed055', '韩梅', 2, '实施顾问', '2017-08-24 23:53:38');
INSERT INTO xnjia_mysalf.cb_sys_user (ROW_ID, SORT_NO, USER_CODE, USER_PASSWORD, USER_NAME, COMPANY_ID, NOTES, CREATE_TIME) VALUES (14, 14, 'YT', '81dc9bdb52d04dc20036dbd8313ed055', '杨涛', 2, '实施顾问', '2017-08-24 23:54:02');
INSERT INTO xnjia_mysalf.cb_sys_user (ROW_ID, SORT_NO, USER_CODE, USER_PASSWORD, USER_NAME, COMPANY_ID, NOTES, CREATE_TIME) VALUES (15, 15, 'XH', '81dc9bdb52d04dc20036dbd8313ed055', '徐浩', 2, '硬件,SAP,ERP,开发运维组组长', '2017-08-24 23:57:46');
INSERT INTO xnjia_mysalf.cb_sys_user (ROW_ID, SORT_NO, USER_CODE, USER_PASSWORD, USER_NAME, COMPANY_ID, NOTES, CREATE_TIME) VALUES (16, 16, 'WZ', '81dc9bdb52d04dc20036dbd8313ed055', '王增', 2, 'ERP工程师', '2017-08-24 23:57:46');
INSERT INTO xnjia_mysalf.cb_sys_user (ROW_ID, SORT_NO, USER_CODE, USER_PASSWORD, USER_NAME, COMPANY_ID, NOTES, CREATE_TIME) VALUES (17, 17, 'DQ', '81dc9bdb52d04dc20036dbd8313ed055', '丁全', 2, '实习生SAP,ERP,开发运维', '2017-08-24 23:57:48');
INSERT INTO xnjia_mysalf.cb_sys_user (ROW_ID, SORT_NO, USER_CODE, USER_PASSWORD, USER_NAME, COMPANY_ID, NOTES, CREATE_TIME) VALUES (18, 18, 'LXQ', '81dc9bdb52d04dc20036dbd8313ed055', '廖小奇', 2, '实习生SAP,ERP,开发运维', '2017-08-24 23:57:49');
INSERT INTO xnjia_mysalf.cb_sys_user (ROW_ID, SORT_NO, USER_CODE, USER_PASSWORD, USER_NAME, COMPANY_ID, NOTES, CREATE_TIME) VALUES (19, 19, 'WF', '81dc9bdb52d04dc20036dbd8313ed055', '吴峰', 2, '硬件及维护', '2017-08-25 00:01:18');
INSERT INTO xnjia_mysalf.cb_sys_user (ROW_ID, SORT_NO, USER_CODE, USER_PASSWORD, USER_NAME, COMPANY_ID, NOTES, CREATE_TIME) VALUES (20, 20, 'HWJ', '81dc9bdb52d04dc20036dbd8313ed055', '何文静', 2, 'SAP,ERP,开发运维', '2017-08-25 00:01:23');


DROP TABLE xnjia_mysalf.cb_sys_user_role;
CREATE TABLE xnjia_mysalf.cb_sys_user_role (ROW_ID int NOT NULL AUTO_INCREMENT, USER_ID int(10) NOT NULL COMMENT '用户Id', ROLE_ID int(10) NOT NULL COMMENT '角色权限', NOTES varchar(200) COMMENT '备注', CREATE_TIME datetime DEFAULT CURRENT_TIMESTAMP NOT NULL COMMENT '创建时间', PRIMARY KEY (ROW_ID)) ENGINE=InnoDB DEFAULT CHARSET=utf8 COMMENT='用户表';
INSERT INTO xnjia_mysalf.cb_sys_user_role (ROW_ID, USER_ID, ROLE_ID, NOTES, CREATE_TIME) VALUES (1, 1, 1, null, '2019-07-09 00:00:00');
INSERT INTO xnjia_mysalf.cb_sys_user_role (ROW_ID, USER_ID, ROLE_ID, NOTES, CREATE_TIME) VALUES (2, 1, 2, null, '2019-07-09 00:00:00');
INSERT INTO xnjia_mysalf.cb_sys_user_role (ROW_ID, USER_ID, ROLE_ID, NOTES, CREATE_TIME) VALUES (3, 2, 2, null, '2019-07-09 00:00:00');
INSERT INTO xnjia_mysalf.cb_sys_user_role (ROW_ID, USER_ID, ROLE_ID, NOTES, CREATE_TIME) VALUES (4, 3, 2, null, '2019-07-09 00:00:00');
INSERT INTO xnjia_mysalf.cb_sys_user_role (ROW_ID, USER_ID, ROLE_ID, NOTES, CREATE_TIME) VALUES (5, 4, 2, null, '2019-07-09 00:00:00');
INSERT INTO xnjia_mysalf.cb_sys_user_role (ROW_ID, USER_ID, ROLE_ID, NOTES, CREATE_TIME) VALUES (6, 5, 2, null, '2019-07-09 00:00:00');


DROP TABLE xnjia_mysalf.cb_sys_role;
CREATE TABLE xnjia_mysalf.cb_sys_role (ROW_ID int NOT NULL AUTO_INCREMENT, ROLE_NAME varchar(32) NOT NULL COMMENT '权限', NOTES varchar(200) COMMENT '备注', CREATE_TIME datetime DEFAULT CURRENT_TIMESTAMP NOT NULL COMMENT '创建时间', PRIMARY KEY (ROW_ID)) ENGINE=InnoDB DEFAULT CHARSET=utf8 COMMENT='权限表';
INSERT INTO xnjia_mysalf.cb_sys_role (ROW_ID, ROLE_NAME, NOTES, CREATE_TIME) VALUES (1, 'ADMIN', null, '2019-07-09 00:00:00');
INSERT INTO xnjia_mysalf.cb_sys_role (ROW_ID, ROLE_NAME, NOTES, CREATE_TIME) VALUES (2, 'ROLE_USER', null, '2019-07-09 00:00:00');
